Hora,Nome,Visualizações,Canais
07/04/2021 23:26,Grand Theft Auto V,436185,986
07/04/2021 23:26,Minecraft,183697,992
07/04/2021 23:26,League of Legends,123597,989
07/04/2021 23:26,VALORANT,102641,971
07/04/2021 23:26,Call of Duty: Warzone,93204,996
07/04/2021 23:26,Fortnite,79657,992
07/04/2021 23:26,Apex Legends,65093,997
07/04/2021 23:26,Garena Free Fire,68876,844
08/04/2021 00:26,Grand Theft Auto V,376395,982
08/04/2021 00:26,Call of Duty: Warzone,124869,996
08/04/2021 00:26,League of Legends,116766,989
08/04/2021 00:26,VALORANT,81484,973
08/04/2021 00:26,Minecraft,83924,990
08/04/2021 00:26,Fortnite,71177,991
08/04/2021 00:26,Apex Legends,63650,998
08/04/2021 00:26,ALTF4,74787,18
08/04/2021 01:27,Grand Theft Auto V,245966,974
08/04/2021 01:27,League of Legends,108035,987
08/04/2021 01:27,VALORANT,96412,970
08/04/2021 01:27,Call of Duty: Warzone,87509,996
08/04/2021 01:27,Apex Legends,73037,997
08/04/2021 01:27,ALTF4,73735,25
08/04/2021 01:27,Minecraft,67077,987
08/04/2021 01:27,Fortnite,52130,990
08/04/2021 02:27,Grand Theft Auto V,180218,958
08/04/2021 02:27,VALORANT,93312,969
08/04/2021 02:27,League of Legends,90589,987
08/04/2021 02:27,Call of Duty: Warzone,73441,992
08/04/2021 02:27,Apex Legends,71151,997
08/04/2021 02:27,Totally Accurate Battlegrounds,65537,75
08/04/2021 02:27,Fortnite,57009,986
08/04/2021 02:27,Minecraft,48484,972
08/04/2021 03:28,VALORANT,136296,965
08/04/2021 03:28,Grand Theft Auto V,111858,922
08/04/2021 03:28,League of Legends,98020,985
08/04/2021 03:28,Fortnite,72055,986
08/04/2021 03:28,Call of Duty: Warzone,66055,989
08/04/2021 03:28,Apex Legends,65105,995
08/04/2021 03:28,Squad,62778,28
08/04/2021 03:28,Sea of Thieves,43831,300
08/04/2021 04:28,League of Legends,103888,976
08/04/2021 04:28,Grand Theft Auto V,90750,870
08/04/2021 04:28,VALORANT,86265,955
08/04/2021 04:28,Fortnite,77899,977
08/04/2021 04:28,Apex Legends,66473,990
08/04/2021 04:28,Call of Duty: Warzone,61714,978
08/04/2021 04:28,Sea of Thieves,40492,229
08/04/2021 04:28,Escape From Tarkov,40506,853
08/04/2021 05:29,League of Legends,127664,970
08/04/2021 05:29,VALORANT,84171,929
08/04/2021 05:29,Fortnite,81812,974
08/04/2021 05:29,Grand Theft Auto V,78718,825
08/04/2021 05:29,Call of Duty: Warzone,66808,956
08/04/2021 05:29,Apex Legends,61333,980
08/04/2021 05:29,Counter-Strike: Global Offensive,56567,785
08/04/2021 05:29,Escape From Tarkov,56252,765
08/04/2021 06:29,League of Legends,187965,969
08/04/2021 06:29,Fortnite,81789,977
08/04/2021 06:29,Grand Theft Auto V,75558,820
08/04/2021 06:29,Apex Legends,74171,973
08/04/2021 06:29,Call of Duty: Warzone,73917,950
08/04/2021 06:29,Counter-Strike: Global Offensive,64925,819
08/04/2021 06:29,Escape From Tarkov,64707,706
08/04/2021 06:29,Dota 2,54043,674
08/04/2021 07:30,League of Legends,216888,976
08/04/2021 07:30,Fortnite,76039,976
08/04/2021 07:30,Call of Duty: Warzone,78821,933
08/04/2021 07:30,Apex Legends,77777,966
08/04/2021 07:30,Counter-Strike: Global Offensive,75737,848
08/04/2021 07:30,Grand Theft Auto V,73817,823
08/04/2021 07:30,Escape From Tarkov,71197,742
08/04/2021 07:30,VALORANT,56872,913
08/04/2021 08:30,League of Legends,264020,979
08/04/2021 08:30,Apex Legends,124841,973
08/04/2021 08:30,Fortnite,87566,977
08/04/2021 08:30,Call of Duty: Warzone,85047,925
08/04/2021 08:30,VALORANT,82341,932
08/04/2021 08:30,Escape From Tarkov,75569,722
08/04/2021 08:30,Grand Theft Auto V,73711,868
08/04/2021 08:30,Counter-Strike: Global Offensive,71672,883
08/04/2021 09:31,League of Legends,222880,986
08/04/2021 09:31,Apex Legends,122173,985
08/04/2021 09:31,Fortnite,100411,986
08/04/2021 09:31,VALORANT,84680,945
08/04/2021 09:31,Call of Duty: Warzone,82496,956
08/04/2021 09:31,Grand Theft Auto V,78952,920
08/04/2021 09:31,Escape From Tarkov,75324,803
08/04/2021 09:31,Counter-Strike: Global Offensive,69067,921
08/04/2021 10:31,League of Legends,227211,986
08/04/2021 10:31,Counter-Strike: Global Offensive,132675,944
08/04/2021 10:31,Apex Legends,116256,993
08/04/2021 10:31,Fortnite,108506,985
08/04/2021 10:31,Grand Theft Auto V,107247,956
08/04/2021 10:31,VALORANT,88428,957
08/04/2021 10:31,Escape From Tarkov,95729,912
08/04/2021 10:31,Call of Duty: Warzone,90755,972
08/04/2021 11:32,League of Legends,230581,990
08/04/2021 11:32,Counter-Strike: Global Offensive,217317,953
08/04/2021 11:32,Grand Theft Auto V,136734,971
08/04/2021 11:32,Fortnite,119631,989
08/04/2021 11:32,Apex Legends,121365,996
08/04/2021 11:32,Escape From Tarkov,122313,978
08/04/2021 11:32,Call of Duty: Warzone,106185,985
08/04/2021 11:32,VALORANT,89358,960
08/04/2021 12:33,Counter-Strike: Global Offensive,213940,968
08/04/2021 12:33,League of Legends,195287,990
08/04/2021 12:33,Grand Theft Auto V,172350,982
08/04/2021 12:33,Fortnite,132394,990
08/04/2021 12:33,Call of Duty: Warzone,138801,989
08/04/2021 12:33,Escape From Tarkov,132709,979
08/04/2021 12:33,VALORANT,125464,965
08/04/2021 12:33,Apex Legends,104139,996
08/04/2021 13:33,League of Legends,253284,990
08/04/2021 13:33,Grand Theft Auto V,195778,988
08/04/2021 13:33,Counter-Strike: Global Offensive,174380,976
08/04/2021 13:33,Call of Duty: Warzone,162177,989
08/04/2021 13:33,VALORANT,156715,968
08/04/2021 13:33,Fortnite,137308,990
08/04/2021 13:33,Escape From Tarkov,133511,984
08/04/2021 13:33,Diablo II: Resurrected,117080,45
08/04/2021 14:34,Counter-Strike: Global Offensive,316781,979
08/04/2021 14:34,Diablo II: Resurrected,297839,122
08/04/2021 14:34,League of Legends,255121,991
08/04/2021 14:34,Minecraft,215342,991
08/04/2021 14:34,Grand Theft Auto V,212712,988
08/04/2021 14:34,Call of Duty: Warzone,210556,993
08/04/2021 14:34,Fortnite,177522,988
08/04/2021 14:34,VALORANT,175613,970
08/04/2021 15:34,Diablo II: Resurrected,385170,171
08/04/2021 15:34,Counter-Strike: Global Offensive,326216,981
08/04/2021 15:34,Minecraft,260352,993
08/04/2021 15:34,Grand Theft Auto V,242308,994
08/04/2021 15:34,Call of Duty: Warzone,217217,997
08/04/2021 15:34,VALORANT,216959,974
08/04/2021 15:34,League of Legends,185219,991
08/04/2021 15:34,Fortnite,139303,991
08/04/2021 16:35,Diablo II: Resurrected,324669,180
08/04/2021 16:35,VALORANT,261597,976
08/04/2021 16:35,Grand Theft Auto V,254783,994
08/04/2021 16:35,Call of Duty: Warzone,218406,996
08/04/2021 16:35,League of Legends,188706,990
08/04/2021 16:35,Counter-Strike: Global Offensive,147961,979
08/04/2021 16:35,Minecraft,167117,995
08/04/2021 16:35,Fortnite,130241,992
08/04/2021 17:35,Path of Exile,321024,500
08/04/2021 17:35,Grand Theft Auto V,300994,995
08/04/2021 17:35,Call of Duty: Warzone,220719,996
08/04/2021 17:35,Minecraft,220874,994
08/04/2021 17:35,VALORANT,213422,977
08/04/2021 17:35,League of Legends,189006,991
08/04/2021 17:35,Diablo II: Resurrected,157313,148
08/04/2021 17:35,Fortnite,112756,992
08/04/2021 18:36,Grand Theft Auto V,362304,994
08/04/2021 18:36,Call of Duty: Warzone,206003,996
08/04/2021 18:36,VALORANT,200074,976
08/04/2021 18:36,Minecraft,181847,992
08/04/2021 18:36,League of Legends,138112,990
08/04/2021 18:36,Path of Exile,145843,335
08/04/2021 18:36,Fortnite,121896,992
08/04/2021 18:36,Diablo II: Resurrected,132972,121
08/04/2021 19:37,Grand Theft Auto V,454621,993
08/04/2021 19:37,Minecraft,275154,990
08/04/2021 19:37,VALORANT,176700,972
08/04/2021 19:37,League of Legends,153872,989
08/04/2021 19:37,Diablo II: Resurrected,147538,98
08/04/2021 19:37,Call of Duty: Warzone,119890,993
08/04/2021 19:37,Fortnite,103990,992
08/04/2021 19:37,Counter-Strike: Global Offensive,107108,976
08/04/2021 20:37,Grand Theft Auto V,396313,992
08/04/2021 20:37,Minecraft,205869,989
08/04/2021 20:37,League of Legends,154863,991
08/04/2021 20:37,VALORANT,144076,975
08/04/2021 20:37,Fortnite,129978,992
08/04/2021 20:37,Call of Duty: Warzone,113978,996
08/04/2021 20:37,Diablo II: Resurrected,112833,81
08/04/2021 20:37,Counter-Strike: Global Offensive,95424,973
08/04/2021 21:38,Grand Theft Auto V,382597,988
08/04/2021 21:38,Minecraft,190791,990
08/04/2021 21:38,League of Legends,162228,992
08/04/2021 21:38,Fortnite,148963,992
08/04/2021 21:38,VALORANT,133539,975
08/04/2021 21:38,Call of Duty: Warzone,109239,995
08/04/2021 21:38,Apex Legends,85694,996
08/04/2021 21:38,Diablo II: Resurrected,91626,68
08/04/2021 22:38,Grand Theft Auto V,348942,988
08/04/2021 22:38,Minecraft,197093,991
08/04/2021 22:38,Fortnite,162496,992
08/04/2021 22:38,League of Legends,146402,992
08/04/2021 22:38,Call of Duty: Warzone,116924,997
08/04/2021 22:38,VALORANT,99195,972
08/04/2021 22:38,Diablo II: Resurrected,88981,56
08/04/2021 22:38,Apex Legends,74046,996
08/04/2021 23:39,Grand Theft Auto V,352166,986
08/04/2021 23:39,Minecraft,182555,989
08/04/2021 23:39,League of Legends,140490,988
08/04/2021 23:39,Call of Duty: Warzone,101754,997
08/04/2021 23:39,Fortnite,90405,991
08/04/2021 23:39,VALORANT,78343,975
08/04/2021 23:39,Garena Free Fire,74290,801
08/04/2021 23:39,Apex Legends,55455,996
09/04/2021 00:40,Grand Theft Auto V,282224,983
09/04/2021 00:40,League of Legends,180982,990
09/04/2021 00:40,Minecraft,108821,986
09/04/2021 00:40,Call of Duty: Warzone,77150,996
09/04/2021 00:40,VALORANT,73128,973
09/04/2021 00:40,Fortnite,62887,991
09/04/2021 00:40,Apex Legends,56758,996
09/04/2021 00:40,Dungeons & Dragons,59089,187
09/04/2021 01:40,Grand Theft Auto V,245651,977
09/04/2021 01:40,Minecraft,109583,985
09/04/2021 01:40,League of Legends,104049,988
09/04/2021 01:40,Call of Duty: Warzone,88277,996
09/04/2021 01:40,Fortnite,62939,990
09/04/2021 01:40,VALORANT,63267,968
09/04/2021 01:40,Diablo II: Resurrected,64139,42
09/04/2021 01:40,Apex Legends,54008,996
09/04/2021 02:41,Grand Theft Auto V,182167,957
09/04/2021 02:41,League of Legends,104968,987
09/04/2021 02:41,VALORANT,95711,969
09/04/2021 02:41,Minecraft,96348,970
09/04/2021 02:41,Call of Duty: Warzone,64432,993
09/04/2021 02:41,Diablo II: Resurrected,79675,46
09/04/2021 02:41,Fortnite,59519,987
09/04/2021 02:41,Apex Legends,56371,997
09/04/2021 03:41,Grand Theft Auto V,150870,918
09/04/2021 03:41,League of Legends,107085,979
09/04/2021 03:41,VALORANT,89756,958
09/04/2021 03:41,Minecraft,94783,957
09/04/2021 03:41,Fortnite,67439,982
09/04/2021 03:41,Apex Legends,63349,994
09/04/2021 03:41,Call of Duty: Warzone,61379,989
09/04/2021 03:41,Diablo II: Resurrected,65095,43
09/04/2021 04:42,Grand Theft Auto V,149225,876
09/04/2021 04:42,League of Legends,93564,975
09/04/2021 04:42,VALORANT,86894,950
09/04/2021 04:42,Fortnite,79773,977
09/04/2021 04:42,Apex Legends,56897,992
09/04/2021 04:42,Call of Duty: Warzone,53869,977
09/04/2021 04:42,Diablo II: Resurrected,47627,30
09/04/2021 04:42,Minecraft,40139,941
09/04/2021 05:42,League of Legends,119561,969
09/04/2021 05:42,Grand Theft Auto V,112254,837
09/04/2021 05:42,Fortnite,75234,976
09/04/2021 05:42,VALORANT,67094,932
09/04/2021 05:42,Call of Duty: Warzone,66409,961
09/04/2021 05:42,Diablo II: Resurrected,52554,31
09/04/2021 05:42,Apex Legends,47452,979
09/04/2021 05:42,Counter-Strike: Global Offensive,49250,790
09/04/2021 06:43,League of Legends,154600,970
09/04/2021 06:43,Grand Theft Auto V,101641,847
09/04/2021 06:43,Fortnite,77314,975
09/04/2021 06:43,Call of Duty: Warzone,73368,938
09/04/2021 06:43,VALORANT,65337,915
09/04/2021 06:43,Diablo II: Resurrected,55734,29
09/04/2021 06:43,Counter-Strike: Global Offensive,54392,811
09/04/2021 06:43,Dota 2,46070,691
09/04/2021 07:43,League of Legends,158367,976
09/04/2021 07:43,Grand Theft Auto V,98846,838
09/04/2021 07:43,Fortnite,82636,976
09/04/2021 07:43,Call of Duty: Warzone,69420,926
09/04/2021 07:43,VALORANT,68994,916
09/04/2021 07:43,Counter-Strike: Global Offensive,64644,849
09/04/2021 07:43,Apex Legends,56427,969
09/04/2021 07:43,Diablo II: Resurrected,51805,32
09/04/2021 08:44,League of Legends,138881,981
09/04/2021 08:44,Grand Theft Auto V,98362,865
09/04/2021 08:44,Fortnite,83209,978
09/04/2021 08:44,Call of Duty: Warzone,85435,940
09/04/2021 08:44,Apex Legends,80387,977
09/04/2021 08:44,VALORANT,69903,934
09/04/2021 08:44,Counter-Strike: Global Offensive,71620,889
09/04/2021 08:44,FIFA 21,50340,997
09/04/2021 09:44,League of Legends,155936,987
09/04/2021 09:44,Grand Theft Auto V,113647,912
09/04/2021 09:44,Call of Duty: Warzone,93382,965
09/04/2021 09:44,Fortnite,86297,985
09/04/2021 09:44,Apex Legends,84735,984
09/04/2021 09:44,Diablo II: Resurrected,73679,45
09/04/2021 09:44,Counter-Strike: Global Offensive,74920,925
09/04/2021 09:44,Teamfight Tactics,72992,322
09/04/2021 10:45,League of Legends,195877,991
09/04/2021 10:45,Counter-Strike: Global Offensive,164342,944
09/04/2021 10:45,Grand Theft Auto V,121979,953
09/04/2021 10:45,Fortnite,108963,988
09/04/2021 10:45,Call of Duty: Warzone,96590,980
09/04/2021 10:45,Apex Legends,86482,994
09/04/2021 10:45,VALORANT,84045,960
09/04/2021 10:45,Diablo II: Resurrected,82222,49
09/04/2021 11:45,League of Legends,204253,991
09/04/2021 11:45,Counter-Strike: Global Offensive,211256,954
09/04/2021 11:45,Grand Theft Auto V,145857,970
09/04/2021 11:45,Fortnite,125002,991
09/04/2021 11:45,Call of Duty: Warzone,106767,989
09/04/2021 11:45,Diablo II: Resurrected,98381,72
09/04/2021 11:45,VALORANT,91101,963
09/04/2021 11:45,Apex Legends,85574,997
09/04/2021 12:46,Counter-Strike: Global Offensive,219501,968
09/04/2021 12:46,League of Legends,181655,992
09/04/2021 12:46,Grand Theft Auto V,165859,983
09/04/2021 12:46,Fortnite,136100,991
09/04/2021 12:46,VALORANT,139612,968
09/04/2021 12:46,Diablo II: Resurrected,114227,94
09/04/2021 12:46,Minecraft,96560,989
09/04/2021 12:46,Call of Duty: Warzone,96267,990
09/04/2021 13:46,League of Legends,282055,992
09/04/2021 13:46,Counter-Strike: Global Offensive,230228,972
09/04/2021 13:46,Fortnite,175365,992
09/04/2021 13:46,Grand Theft Auto V,174373,987
09/04/2021 13:46,VALORANT,150462,970
09/04/2021 13:46,Minecraft,121300,989
09/04/2021 13:46,Diablo II: Resurrected,111353,108
09/04/2021 13:46,Escape From Tarkov,103617,986
09/04/2021 14:47,League of Legends,299359,993
09/04/2021 14:47,Minecraft,284917,992
09/04/2021 14:47,Counter-Strike: Global Offensive,279255,981
09/04/2021 14:47,Fortnite,182730,991
09/04/2021 14:47,Grand Theft Auto V,199696,987
09/04/2021 14:47,Call of Duty: Warzone,157178,995
09/04/2021 14:47,VALORANT,128985,971
09/04/2021 14:47,Escape From Tarkov,135643,987
09/04/2021 15:47,League of Legends,321864,993
09/04/2021 15:47,Counter-Strike: Global Offensive,296049,982
09/04/2021 15:47,Grand Theft Auto V,272491,992
09/04/2021 15:47,Minecraft,226929,994
09/04/2021 15:47,Fortnite,183343,991
09/04/2021 15:47,Call of Duty: Warzone,179707,995
09/04/2021 15:47,Escape From Tarkov,148342,991
09/04/2021 15:47,Rocket League,140128,990
09/04/2021 16:48,League of Legends,318655,992
09/04/2021 16:48,Grand Theft Auto V,314447,993
09/04/2021 16:48,Counter-Strike: Global Offensive,208532,984
09/04/2021 16:48,VALORANT,199035,974
09/04/2021 16:48,Call of Duty: Warzone,169876,996
09/04/2021 16:48,Minecraft,160091,996
09/04/2021 16:48,Fortnite,145763,991
09/04/2021 16:48,Rocket League,165564,995
09/04/2021 17:49,Minecraft,413942,996
09/04/2021 17:49,Grand Theft Auto V,357580,995
09/04/2021 17:49,Counter-Strike: Global Offensive,264581,986
09/04/2021 17:49,League of Legends,212182,993
09/04/2021 17:49,Call of Duty: Warzone,176326,997
09/04/2021 17:49,Fortnite,152982,991
09/04/2021 17:49,VALORANT,160451,977
09/04/2021 17:49,Rocket League,164653,994
09/04/2021 18:49,Grand Theft Auto V,396292,996
09/04/2021 18:49,Counter-Strike: Global Offensive,256829,987
09/04/2021 18:49,Minecraft,221463,993
09/04/2021 18:49,League of Legends,211607,993
09/04/2021 18:49,Call of Duty: Warzone,159981,997
09/04/2021 18:49,VALORANT,151799,973
09/04/2021 18:49,Rocket League,146537,990
09/04/2021 18:49,Fortnite,120142,991
09/04/2021 19:50,Grand Theft Auto V,383594,995
09/04/2021 19:50,Counter-Strike: Global Offensive,218261,984
09/04/2021 19:50,League of Legends,194531,987
09/04/2021 19:50,Call of Duty: Warzone,170522,994
09/04/2021 19:50,Minecraft,160438,993
09/04/2021 19:50,Escape from Tarkov,140441,992
09/04/2021 19:50,Fortnite,107412,991
09/04/2021 19:50,VALORANT,118249,974
09/04/2021 20:50,Grand Theft Auto V,335447,993
09/04/2021 20:50,League of Legends,198691,992
09/04/2021 20:50,Call of Duty: Warzone,163292,996
09/04/2021 20:50,Escape from Tarkov,147762,990
09/04/2021 20:50,VALORANT,119860,974
09/04/2021 20:50,Fortnite,98727,991
09/04/2021 20:50,Counter-Strike: Global Offensive,97124,979
09/04/2021 20:50,Apex Legends,62771,997
09/04/2021 21:51,Grand Theft Auto V,363089,991
09/04/2021 21:51,League of Legends,188076,993
09/04/2021 21:51,Escape from Tarkov,135113,984
09/04/2021 21:51,VALORANT,117830,972
09/04/2021 21:51,Call of Duty: Warzone,106129,996
09/04/2021 21:51,Fortnite,69630,992
09/04/2021 21:51,Counter-Strike: Global Offensive,73083,977
09/04/2021 21:51,Apex Legends,58093,998
09/04/2021 22:51,Grand Theft Auto V,401828,989
09/04/2021 22:51,League of Legends,170946,992
09/04/2021 22:51,Escape from Tarkov,138878,990
09/04/2021 22:51,Call of Duty: Warzone,94722,997
09/04/2021 22:51,Fortnite,80802,992
09/04/2021 22:51,VALORANT,66589,973
09/04/2021 22:51,Minecraft,73318,993
09/04/2021 22:51,Apex Legends,56273,997
09/04/2021 23:52,Grand Theft Auto V,376271,984
09/04/2021 23:52,League of Legends,152392,991
09/04/2021 23:52,Minecraft,127077,993
09/04/2021 23:52,Fortnite,83564,992
09/04/2021 23:52,VALORANT,81255,977
09/04/2021 23:52,Call of Duty: Warzone,74822,997
09/04/2021 23:52,Apex Legends,52823,997
09/04/2021 23:52,Escape from Tarkov,62223,992
10/04/2021 00:53,Grand Theft Auto V,290189,986
10/04/2021 00:53,League of Legends,139462,991
10/04/2021 00:53,Minecraft,107299,990
10/04/2021 00:53,Call of Duty: Warzone,91531,995
10/04/2021 00:53,VALORANT,85377,976
10/04/2021 00:53,Fortnite,67430,992
10/04/2021 00:53,Apex Legends,53608,997
10/04/2021 00:53,Sea of Thieves,54361,934
10/04/2021 01:53,Grand Theft Auto V,272619,983
10/04/2021 01:53,VALORANT,97699,974
10/04/2021 01:53,League of Legends,92779,991
10/04/2021 01:53,Minecraft,96265,987
10/04/2021 01:53,Call of Duty: Warzone,71915,997
10/04/2021 01:53,Fortnite,57974,991
10/04/2021 01:53,Apex Legends,59490,996
10/04/2021 01:53,Dead by Daylight,54877,996
10/04/2021 02:54,Grand Theft Auto V,244645,977
10/04/2021 02:54,League of Legends,102603,989
10/04/2021 02:54,Minecraft,88036,982
10/04/2021 02:54,Call of Duty: Warzone,66135,994
10/04/2021 02:54,Fortnite,58670,989
10/04/2021 02:54,Apex Legends,59779,997
10/04/2021 02:54,VALORANT,54771,973
10/04/2021 02:54,Dead by Daylight,58033,995
10/04/2021 03:54,Grand Theft Auto V,155357,960
10/04/2021 03:54,League of Legends,124257,987
10/04/2021 03:54,VALORANT,99408,965
10/04/2021 03:54,Minecraft,79627,966
10/04/2021 03:54,Fortnite,62027,988
10/04/2021 03:54,Call of Duty: Warzone,60312,991
10/04/2021 03:54,Apex Legends,57287,997
10/04/2021 03:54,Dead by Daylight,50756,985
10/04/2021 04:55,League of Legends,200692,984
10/04/2021 04:55,Grand Theft Auto V,118435,932
10/04/2021 04:55,VALORANT,107204,958
10/04/2021 04:55,Fortnite,67876,983
10/04/2021 04:55,Dota 2,57565,699
10/04/2021 04:55,Call of Duty: Warzone,51836,987
10/04/2021 04:55,Apex Legends,49964,992
10/04/2021 04:55,Dead by Daylight,50253,974
10/04/2021 05:56,League of Legends,427070,975
10/04/2021 05:56,VALORANT,93548,948
10/04/2021 05:56,Grand Theft Auto V,91843,896
10/04/2021 05:56,Fortnite,72178,981
10/04/2021 05:56,Apex Legends,70857,991
10/04/2021 05:56,Dota 2,70661,771
10/04/2021 05:56,Call of Duty: Warzone,50152,974
10/04/2021 05:56,Dead by Daylight,48453,941
10/04/2021 06:56,League of Legends,471196,970
10/04/2021 06:56,Apex Legends,133508,979
10/04/2021 06:56,Grand Theft Auto V,84049,873
10/04/2021 06:56,Fortnite,73090,979
10/04/2021 06:56,Dota 2,81050,812
10/04/2021 06:56,Call of Duty: Warzone,60254,957
10/04/2021 06:56,Counter-Strike: Global Offensive,59805,853
10/04/2021 06:56,VALORANT,53458,934
10/04/2021 07:57,League of Legends,476273,977
10/04/2021 07:57,Apex Legends,156334,974
10/04/2021 07:57,Dota 2,77280,919
10/04/2021 07:57,Grand Theft Auto V,75833,874
10/04/2021 07:57,Fortnite,67410,981
10/04/2021 07:57,VALORANT,69757,924
10/04/2021 07:57,Counter-Strike: Global Offensive,69864,892
10/04/2021 07:57,Call of Duty: Warzone,66929,937
10/04/2021 08:57,League of Legends,308660,983
10/04/2021 08:57,Grand Theft Auto V,81142,898
10/04/2021 08:57,VALORANT,77852,940
10/04/2021 08:57,FIFA 21,80188,998
10/04/2021 08:57,Fortnite,72828,981
10/04/2021 08:57,Dota 2,70311,972
10/04/2021 08:57,Counter-Strike: Global Offensive,67875,923
10/04/2021 08:57,Call of Duty: Warzone,64609,957
10/04/2021 09:58,League of Legends,259357,989
10/04/2021 09:58,Grand Theft Auto V,89648,936
10/04/2021 09:58,Apex Legends,86068,988
10/04/2021 09:58,VALORANT,81782,946
10/04/2021 09:58,FIFA 21,84464,998
10/04/2021 09:58,Fortnite,70813,987
10/04/2021 09:58,Counter-Strike: Global Offensive,76057,937
10/04/2021 09:58,Dota 2,70032,975
10/04/2021 10:58,League of Legends,264776,989
10/04/2021 10:58,Counter-Strike: Global Offensive,204795,952
10/04/2021 10:58,Grand Theft Auto V,92084,965
10/04/2021 10:58,Fortnite,77107,987
10/04/2021 10:58,Call of Duty: Warzone,79455,978
10/04/2021 10:58,VALORANT,69436,955
10/04/2021 10:58,Apex Legends,61594,992
10/04/2021 10:58,FIFA 21,64181,999
10/04/2021 11:59,League of Legends,368321,991
10/04/2021 11:59,Counter-Strike: Global Offensive,218896,966
10/04/2021 11:59,VALORANT,143036,962
10/04/2021 11:59,Grand Theft Auto V,125868,977
10/04/2021 11:59,Fortnite,107385,990
10/04/2021 11:59,Call of Duty: Warzone,85328,988
10/04/2021 11:59,Dota 2,72325,981
10/04/2021 11:59,Apex Legends,61829,995
10/04/2021 12:59,League of Legends,458459,991
10/04/2021 12:59,Counter-Strike: Global Offensive,172590,972
10/04/2021 12:59,Fortnite,147768,992
10/04/2021 12:59,VALORANT,151536,967
10/04/2021 12:59,Grand Theft Auto V,148608,985
10/04/2021 12:59,Call of Duty: Warzone,90243,989
10/04/2021 12:59,Minecraft,82085,986
10/04/2021 12:59,Apex Legends,78911,997
10/04/2021 14:00,League of Legends,476175,990
10/04/2021 14:00,Fortnite,206727,990
10/04/2021 14:00,Counter-Strike: Global Offensive,201027,977
10/04/2021 14:00,Grand Theft Auto V,174788,988
10/04/2021 14:00,VALORANT,130587,971
10/04/2021 14:00,Minecraft,101147,990
10/04/2021 14:00,Call of Duty: Warzone,88287,991
10/04/2021 14:00,FIFA 21,96871,998
10/04/2021 15:00,League of Legends,493115,992
10/04/2021 15:00,Counter-Strike: Global Offensive,347914,977
10/04/2021 15:00,Grand Theft Auto V,258615,990
10/04/2021 15:00,Fortnite,202839,992
10/04/2021 15:00,Minecraft,193882,994
10/04/2021 15:00,VALORANT,143710,973
10/04/2021 15:00,Rocket League,146643,984
10/04/2021 15:00,Call of Duty: Warzone,98876,995
10/04/2021 16:01,League of Legends,358825,990
10/04/2021 16:01,Counter-Strike: Global Offensive,323417,979
10/04/2021 16:01,Grand Theft Auto V,257966,991
10/04/2021 16:01,Fortnite,192287,992
10/04/2021 16:01,VALORANT,152952,976
10/04/2021 16:01,Rocket League,148786,990
10/04/2021 16:01,Sports,149441,385
10/04/2021 16:01,Minecraft,132610,997
10/04/2021 17:02,Grand Theft Auto V,309369,992
10/04/2021 17:02,League of Legends,262874,992
10/04/2021 17:02,VALORANT,198354,977
10/04/2021 17:02,Rocket League,158662,992
10/04/2021 17:02,Call of Duty: Warzone,140347,997
10/04/2021 17:02,Fortnite,129748,992
10/04/2021 17:02,Minecraft,116867,998
10/04/2021 17:02,Sports,126887,381
10/04/2021 18:02,Grand Theft Auto V,336174,993
10/04/2021 18:02,League of Legends,331502,991
10/04/2021 18:02,VALORANT,223553,979
10/04/2021 18:02,Call of Duty: Warzone,157691,997
10/04/2021 18:02,Rocket League,150322,994
10/04/2021 18:02,Fortnite,119266,992
10/04/2021 18:02,Sports,138008,218
10/04/2021 18:02,Minecraft,105483,997
10/04/2021 19:03,League of Legends,413873,990
10/04/2021 19:03,Grand Theft Auto V,299261,993
10/04/2021 19:03,Call of Duty: Warzone,170706,997
10/04/2021 19:03,Fortnite,158811,991
10/04/2021 19:03,VALORANT,169447,976
10/04/2021 19:03,Minecraft,168970,994
10/04/2021 19:03,Music,70116,988
10/04/2021 19:03,Counter-Strike: Global Offensive,80623,986
10/04/2021 20:03,League of Legends,407496,990
10/04/2021 20:03,Grand Theft Auto V,311237,991
10/04/2021 20:03,Fortnite,172404,991
10/04/2021 20:03,Call of Duty: Warzone,179041,997
10/04/2021 20:03,Minecraft,179194,993
10/04/2021 20:03,VALORANT,117804,975
10/04/2021 20:03,Dead by Daylight,120686,996
10/04/2021 20:03,Tabletop RPGs,80032,100
10/04/2021 21:04,League of Legends,406515,989
10/04/2021 21:04,Grand Theft Auto V,327793,991
10/04/2021 21:04,Fortnite,156364,991
10/04/2021 21:04,Minecraft,152917,990
10/04/2021 21:04,Call of Duty: Warzone,129169,996
10/04/2021 21:04,Dead by Daylight,120859,996
10/04/2021 21:04,VALORANT,109042,974
10/04/2021 21:04,Tabletop RPGs,81790,114
10/04/2021 22:04,Grand Theft Auto V,335838,986
10/04/2021 22:04,League of Legends,234447,990
10/04/2021 22:04,Minecraft,169625,991
10/04/2021 22:04,Fortnite,136930,991
10/04/2021 22:04,Call of Duty: Warzone,109579,997
10/04/2021 22:04,VALORANT,94162,973
10/04/2021 22:04,Counter-Strike: Global Offensive,61092,969
10/04/2021 22:04,Music,56694,982
10/04/2021 23:05,Grand Theft Auto V,396677,986
10/04/2021 23:05,League of Legends,286543,989
10/04/2021 23:05,Minecraft,146963,991
10/04/2021 23:05,Fortnite,115060,992
10/04/2021 23:05,VALORANT,76703,972
10/04/2021 23:05,Call of Duty: Warzone,76763,997
10/04/2021 23:05,Counter-Strike: Global Offensive,55618,968
10/04/2021 23:05,Diablo II: Resurrected,57122,114
11/04/2021 00:05,Grand Theft Auto V,382423,984
11/04/2021 00:05,League of Legends,199367,989
11/04/2021 00:05,Minecraft,112530,991
11/04/2021 00:05,Fortnite,81495,992
11/04/2021 00:05,Call of Duty: Warzone,61018,996
11/04/2021 00:05,VALORANT,54502,972
11/04/2021 00:05,Music,66605,983
11/04/2021 00:05,Diablo II: Resurrected,58286,93
11/04/2021 01:06,Grand Theft Auto V,319513,981
11/04/2021 01:06,League of Legends,150831,989
11/04/2021 01:06,Minecraft,148263,989
11/04/2021 01:06,Fortnite,79291,991
11/04/2021 01:06,VALORANT,56350,973
11/04/2021 01:06,Call of Duty: Warzone,54386,995
11/04/2021 01:06,Apex Legends,53070,997
11/04/2021 01:06,Music,56995,976
11/04/2021 02:06,Grand Theft Auto V,295727,981
11/04/2021 02:06,Minecraft,207012,988
11/04/2021 02:06,VALORANT,134857,972
11/04/2021 02:06,League of Legends,103114,988
11/04/2021 02:06,Fortnite,63576,988
11/04/2021 02:06,Apex Legends,67759,995
11/04/2021 02:06,Call of Duty: Warzone,61952,994
11/04/2021 02:06,Scribble It!,44174,25
11/04/2021 03:07,Grand Theft Auto V,127222,967
11/04/2021 03:07,Sea of Thieves,119431,617
11/04/2021 03:07,Minecraft,103094,979
11/04/2021 03:07,League of Legends,98899,986
11/04/2021 03:07,VALORANT,86753,968
11/04/2021 03:07,Apex Legends,71641,996
11/04/2021 03:07,Fortnite,64482,989
11/04/2021 03:07,Call of Duty: Warzone,54887,992
11/04/2021 04:07,Grand Theft Auto V,108376,950
11/04/2021 04:07,Sea of Thieves,111740,473
11/04/2021 04:07,League of Legends,105264,984
11/04/2021 04:07,VALORANT,102920,961
11/04/2021 04:07,Minecraft,85856,965
11/04/2021 04:07,Fortnite,64406,987
11/04/2021 04:07,Apex Legends,65960,995
11/04/2021 04:07,Call of Duty: Warzone,49150,989
11/04/2021 05:08,VALORANT,158743,950
11/04/2021 05:08,League of Legends,127716,978
11/04/2021 05:08,Sea of Thieves,120518,376
11/04/2021 05:08,Grand Theft Auto V,88202,919
11/04/2021 05:08,Fortnite,67329,982
11/04/2021 05:08,Call of Duty: Warzone,58164,979
11/04/2021 05:08,MapleStory,51719,164
11/04/2021 05:08,Apex Legends,39551,991
11/04/2021 06:08,League of Legends,257679,976
11/04/2021 06:08,Grand Theft Auto V,87230,884
11/04/2021 06:08,Fortnite,75495,982
11/04/2021 06:08,VALORANT,66076,938
11/04/2021 06:08,Call of Duty: Warzone,68742,969
11/04/2021 06:08,Dota 2,62270,735
11/04/2021 06:08,Apex Legends,45774,988
11/04/2021 06:08,Minecraft,42533,946
11/04/2021 07:09,League of Legends,222505,975
11/04/2021 07:09,Grand Theft Auto V,82528,889
11/04/2021 07:09,Fortnite,73346,980
11/04/2021 07:09,Call of Duty: Warzone,68369,955
11/04/2021 07:09,Dota 2,69381,848
11/04/2021 07:09,VALORANT,64585,932
11/04/2021 07:09,Apex Legends,46130,978
11/04/2021 07:09,Minecraft,46375,953
11/04/2021 08:09,League of Legends,265319,979
11/04/2021 08:09,Grand Theft Auto V,82730,888
11/04/2021 08:09,Dota 2,81867,966
11/04/2021 08:09,Fortnite,74131,978
11/04/2021 08:09,Call of Duty: Warzone,73013,956
11/04/2021 08:09,VALORANT,68454,933
11/04/2021 08:09,Apex Legends,54879,977
11/04/2021 08:09,Counter-Strike: Global Offensive,60554,904
11/04/2021 09:10,League of Legends,288194,986
11/04/2021 09:10,Grand Theft Auto V,91181,920
11/04/2021 09:10,Fortnite,81740,982
11/04/2021 09:10,VALORANT,80603,943
11/04/2021 09:10,Call of Duty: Warzone,80496,966
11/04/2021 09:10,Counter-Strike: Global Offensive,80242,932
11/04/2021 09:10,Minecraft,73961,968
11/04/2021 09:10,Dota 2,68449,972
11/04/2021 10:11,League of Legends,342559,988
11/04/2021 10:11,Counter-Strike: Global Offensive,110084,942
11/04/2021 10:11,Grand Theft Auto V,106331,950
11/04/2021 10:11,Fortnite,82246,988
11/04/2021 10:11,Minecraft,77843,978
11/04/2021 10:11,Call of Duty: Warzone,73163,978
11/04/2021 10:11,VALORANT,71401,951
11/04/2021 10:11,Dota 2,58177,976
11/04/2021 11:11,League of Legends,291738,988
11/04/2021 11:11,Counter-Strike: Global Offensive,229893,956
11/04/2021 11:11,Minecraft,119902,988
11/04/2021 11:11,Grand Theft Auto V,116193,970
11/04/2021 11:11,Fortnite,90307,989
11/04/2021 11:11,VALORANT,70937,957
11/04/2021 11:11,Call of Duty: Warzone,69484,985
11/04/2021 11:11,Apex Legends,64455,992
11/04/2021 12:12,League of Legends,457437,989
11/04/2021 12:12,Counter-Strike: Global Offensive,233331,962
11/04/2021 12:12,Fortnite,156177,989
11/04/2021 12:12,Minecraft,164131,987
11/04/2021 12:12,Grand Theft Auto V,141676,984
11/04/2021 12:12,VALORANT,76836,961
11/04/2021 12:12,Call of Duty: Warzone,76843,989
11/04/2021 12:12,Dota 2,67459,982
11/04/2021 13:12,League of Legends,501973,991
11/04/2021 13:12,Minecraft,313488,989
11/04/2021 13:12,Counter-Strike: Global Offensive,257716,969
11/04/2021 13:12,Fortnite,182376,991
11/04/2021 13:12,Grand Theft Auto V,161101,987
11/04/2021 13:12,VALORANT,96910,967
11/04/2021 13:12,Call of Duty: Warzone,78655,992
11/04/2021 13:12,Apex Legends,77464,996
11/04/2021 14:13,League of Legends,644098,988
11/04/2021 14:13,Counter-Strike: Global Offensive,342696,967
11/04/2021 14:13,Minecraft,331346,991
11/04/2021 14:13,Grand Theft Auto V,245248,990
11/04/2021 14:13,Fortnite,186430,989
11/04/2021 14:13,Rocket League,128641,982
11/04/2021 14:13,Call of Duty: Warzone,120800,995
11/04/2021 14:13,VALORANT,94623,969
11/04/2021 15:13,Grand Theft Auto V,1095615,994
11/04/2021 15:13,League of Legends,661166,992
11/04/2021 15:13,Counter-Strike: Global Offensive,416589,978
11/04/2021 15:13,Minecraft,395041,993
11/04/2021 15:13,Rocket League,200670,988
11/04/2021 15:13,Fortnite,168204,989
11/04/2021 15:13,Call of Duty: Warzone,144096,997
11/04/2021 15:13,VALORANT,101582,972
11/04/2021 16:14,Grand Theft Auto V,995975,994
11/04/2021 16:14,League of Legends,632731,990
11/04/2021 16:14,Counter-Strike: Global Offensive,353722,977
11/04/2021 16:14,Minecraft,274277,993
11/04/2021 16:14,Rocket League,191851,990
11/04/2021 16:14,Call of Duty: Warzone,167769,997
11/04/2021 16:14,Fortnite,163075,992
11/04/2021 16:14,VALORANT,109938,971
11/04/2021 17:15,Grand Theft Auto V,969319,996
11/04/2021 17:15,League of Legends,752458,990
11/04/2021 17:15,Counter-Strike: Global Offensive,341143,978
11/04/2021 17:15,Minecraft,233627,993
11/04/2021 17:15,Fortnite,193501,991
11/04/2021 17:15,Rocket League,202046,989
11/04/2021 17:15,VALORANT,172241,972
11/04/2021 17:15,Call of Duty: Warzone,112092,996
11/04/2021 18:16,Grand Theft Auto V,909038,995
11/04/2021 18:16,League of Legends,380002,988
11/04/2021 18:16,VALORANT,214043,966
11/04/2021 18:16,Fortnite,202370,989
11/04/2021 18:16,Rocket League,212451,989
11/04/2021 18:16,Minecraft,198483,992
11/04/2021 18:16,Counter-Strike: Global Offensive,140937,978
11/04/2021 18:16,Call of Duty: Warzone,114106,996
11/04/2021 19:16,Grand Theft Auto V,708281,993
11/04/2021 19:16,League of Legends,411339,990
11/04/2021 19:16,VALORANT,223562,969
11/04/2021 19:16,Fortnite,193529,990
11/04/2021 19:16,Minecraft,179492,988
11/04/2021 19:16,Rocket League,155692,983
11/04/2021 19:16,Call of Duty: Warzone,96051,992
11/04/2021 19:16,Counter-Strike: Global Offensive,106914,970
11/04/2021 20:17,Grand Theft Auto V,597144,989
11/04/2021 20:17,League of Legends,391504,989
11/04/2021 20:17,VALORANT,203732,969
11/04/2021 20:17,Fortnite,181043,991
11/04/2021 20:17,Minecraft,138590,989
11/04/2021 20:17,Rocket League,120761,985
11/04/2021 20:17,Call of Duty: Warzone,93587,994
11/04/2021 20:17,FIFA 21,89420,998
11/04/2021 21:18,League of Legends,413168,988
11/04/2021 21:18,Grand Theft Auto V,348577,987
11/04/2021 21:18,VALORANT,148956,970
11/04/2021 21:18,Fortnite,141539,990
11/04/2021 21:18,Minecraft,129690,989
11/04/2021 21:18,Call of Duty: Warzone,90378,994
11/04/2021 21:18,Counter-Strike: Global Offensive,61820,954
11/04/2021 21:18,Apex Legends,52973,995
11/04/2021 22:18,League of Legends,423486,990
11/04/2021 22:18,Grand Theft Auto V,299854,985
11/04/2021 22:18,Minecraft,211562,990
11/04/2021 22:18,Fortnite,119530,989
11/04/2021 22:18,VALORANT,117017,967
11/04/2021 22:18,Call of Duty: Warzone,78323,994
11/04/2021 22:18,Apex Legends,64392,996
11/04/2021 22:18,Counter-Strike: Global Offensive,67520,937
11/04/2021 23:19,League of Legends,385651,988
11/04/2021 23:19,Grand Theft Auto V,255873,983
11/04/2021 23:19,Minecraft,149048,989
11/04/2021 23:19,VALORANT,105875,970
11/04/2021 23:19,Call of Duty: Warzone,81606,995
11/04/2021 23:19,Fortnite,79897,990
11/04/2021 23:19,Apex Legends,65830,994
11/04/2021 23:19,Counter-Strike: Global Offensive,57254,933
12/04/2021 00:20,Grand Theft Auto V,256656,977
12/04/2021 00:20,League of Legends,190081,988
12/04/2021 00:20,Minecraft,137878,989
12/04/2021 00:20,Call of Duty: Warzone,99567,995
12/04/2021 00:20,VALORANT,80086,968
12/04/2021 00:20,Apex Legends,76826,996
12/04/2021 00:20,Fortnite,72383,989
12/04/2021 00:20,Garena Free Fire,53953,618
12/04/2021 01:21,Grand Theft Auto V,218954,968
12/04/2021 01:21,League of Legends,182945,989
12/04/2021 01:21,Minecraft,126225,983
12/04/2021 01:21,VALORANT,75724,967
12/04/2021 01:21,Call of Duty: Warzone,77747,993
12/04/2021 01:21,Apex Legends,72223,997
12/04/2021 01:21,Fortnite,57987,987
12/04/2021 01:21,Garena Free Fire,55598,551
12/04/2021 02:21,Grand Theft Auto V,200692,946
12/04/2021 02:21,Minecraft,108288,961
12/04/2021 02:21,League of Legends,90453,986
12/04/2021 02:21,Call of Duty: Warzone,73321,990
12/04/2021 02:21,VALORANT,66661,965
12/04/2021 02:21,Apex Legends,65459,996
12/04/2021 02:21,Fortnite,52588,986
12/04/2021 02:21,Garena Free Fire,47989,437
12/04/2021 03:22,Grand Theft Auto V,129515,915
12/04/2021 03:22,Minecraft,111322,943
12/04/2021 03:22,League of Legends,104081,980
12/04/2021 03:22,VALORANT,89688,955
12/04/2021 03:22,Call of Duty: Warzone,74559,982
12/04/2021 03:22,Fortnite,68778,978
12/04/2021 03:22,Apex Legends,54712,992
12/04/2021 03:22,Garena Free Fire,44485,307
12/04/2021 04:23,Grand Theft Auto V,114965,876
12/04/2021 04:23,League of Legends,103833,976
12/04/2021 04:23,Minecraft,96031,935
12/04/2021 04:23,Call of Duty: Warzone,86490,966
12/04/2021 04:23,Fortnite,84839,968
12/04/2021 04:23,VALORANT,80351,943
12/04/2021 04:23,Apex Legends,44698,989
12/04/2021 04:23,Dota 2,34578,503
12/04/2021 05:23,League of Legends,124745,968
12/04/2021 05:23,Minecraft,100217,925
12/04/2021 05:23,Grand Theft Auto V,98234,840
12/04/2021 05:23,Fortnite,83763,960
12/04/2021 05:23,VALORANT,78897,929
12/04/2021 05:23,Call of Duty: Warzone,69702,952
12/04/2021 05:23,Apex Legends,40516,978
12/04/2021 05:23,Counter-Strike: Global Offensive,42500,729
12/04/2021 06:24,Grand Theft Auto V,179015,820
12/04/2021 06:24,League of Legends,116991,966
12/04/2021 06:24,Fortnite,83523,959
12/04/2021 06:24,Call of Duty: Warzone,74895,926
12/04/2021 06:24,Apex Legends,53477,970
12/04/2021 06:24,VALORANT,50097,912
12/04/2021 06:24,Dota 2,46484,628
12/04/2021 06:24,Counter-Strike: Global Offensive,41766,793
12/04/2021 07:24,Grand Theft Auto V,168455,835
12/04/2021 07:24,League of Legends,155091,975
12/04/2021 07:24,Fortnite,87903,962
12/04/2021 07:24,Call of Duty: Warzone,75967,926
12/04/2021 07:24,VALORANT,69181,907
12/04/2021 07:24,Apex Legends,50206,969
12/04/2021 07:24,Dota 2,51419,738
12/04/2021 07:24,Counter-Strike: Global Offensive,47048,829
12/04/2021 08:25,League of Legends,228576,979
12/04/2021 08:25,Grand Theft Auto V,171436,863
12/04/2021 08:25,Call of Duty: Warzone,82251,920
12/04/2021 08:25,VALORANT,75711,931
12/04/2021 08:25,Fortnite,75829,964
12/04/2021 08:25,Counter-Strike: Global Offensive,57900,855
12/04/2021 08:25,Apex Legends,55878,972
12/04/2021 08:25,Dota 2,56906,843
12/04/2021 09:25,League of Legends,255701,986
12/04/2021 09:25,Grand Theft Auto V,183949,913
12/04/2021 09:25,VALORANT,92822,943
12/04/2021 09:25,Call of Duty: Warzone,88233,955
12/04/2021 09:25,Fortnite,84967,978
12/04/2021 09:25,Counter-Strike: Global Offensive,79885,901
12/04/2021 09:25,Dota 2,75094,965
12/04/2021 09:25,Apex Legends,50705,984
12/04/2021 10:26,League of Legends,279783,988
12/04/2021 10:26,Grand Theft Auto V,208197,946
12/04/2021 10:26,VALORANT,89902,957
12/04/2021 10:26,Fortnite,84481,987
12/04/2021 10:26,Call of Duty: Warzone,91802,972
12/04/2021 10:26,Counter-Strike: Global Offensive,79293,928
12/04/2021 10:26,Dota 2,66548,970
12/04/2021 10:26,Apex Legends,51886,992
12/04/2021 11:27,Grand Theft Auto V,256069,970
12/04/2021 11:27,League of Legends,234742,991
12/04/2021 11:27,Fortnite,117666,988
12/04/2021 11:27,VALORANT,105104,961
12/04/2021 11:27,Call of Duty: Warzone,99126,987
12/04/2021 11:27,Counter-Strike: Global Offensive,88023,942
12/04/2021 11:27,Dota 2,80349,978
12/04/2021 11:27,Apex Legends,62454,995
